{
	"box-model": false,
	"display-property-grouping": false,
	"duplicate-properties": true,
	"empty-rules": false,
	"known-properties": true,
  	"adjoining-classes": false,
	"box-sizing": false,
	"compatible-vendor-prefixes":false,
	"gradients": false,
	"text-indent": false,
	"vendor-prefix": false,
	"fallback-colors": false,
	"star-property-hack": false,
	"underscore-property-hack": false,
	"bulletproof-font-face": false,
	"font-faces": false,
	"import": false,
	"regex-selectors": false,
	"universal-selector": true,
	"unqualified-attributes": false,
	"zero-units": true,
	"overqualified-elements": false,
	"shorthand": true,
	"duplicate-background-images": false,
	"floats": false,
	"font-sizes": false,
	"ids": false,
	"important": false,
	"outline-none": true,
	"qualified-headings": false,
	"unique-headings": false
}
